May 1 8:00 AM - 11:59 AM,1
May 1 12:01 PM - 16:00 PM,2
May 2 8:00 AM - 11:59 AM,3
May 2 12:01 PM - 16:00 PM,4
May 3 8:00 AM - 11:59 AM,5
May 3 12:01 PM - 16:00 PM,6
May 4 8:00 AM - 11:59 AM,7
May 4 12:01 PM - 16:00 PM,8
May 5 8:00 AM - 11:59 AM,9
May 5 12:01 PM - 16:00 PM,10
May 6 8:00 AM - 11:59 AM,11
May 6 12:01 PM - 16:00 PM,12
May 7 8:00 AM - 11:59 AM,13
May 7 12:01 PM - 16:00 PM,14
May 8 8:00 AM - 11:59 AM,15
May 8 12:01 PM - 16:00 PM,16
May 9 8:00 AM - 11:59 AM,17
May 9 12:01 PM - 16:00 PM,18
May 10 8:00 AM - 11:59 AM,19
May 10 12:01 PM - 16:00 PM,20
May 11 8:00 AM - 11:59 AM,21
May 11 12:01 PM - 16:00 PM,22
May 12 8:00 AM - 11:59 AM,23
May 12 12:01 PM - 16:00 PM,24
May 13 8:00 AM - 11:59 AM,25
May 13 12:01 PM - 16:00 PM,26
May 14 8:00 AM - 11:59 AM,27
May 14 12:01 PM - 16:00 PM,28
May 15 8:00 AM - 11:59 AM,29
May 15 12:01 PM - 16:00 PM,30
May 16 8:00 AM - 11:59 AM,31
May 16 12:01 PM - 16:00 PM,32
May 17 8:00 AM - 11:59 AM,33
May 17 12:01 PM - 16:00 PM,34
May 18 8:00 AM - 11:59 AM,35
May 18 12:01 PM - 16:00 PM,36
May 19 8:00 AM - 11:59 AM,37
May 19 12:01 PM - 16:00 PM,38
May 20 8:00 AM - 11:59 AM,39
May 20 12:01 PM - 16:00 PM,40
May 21 8:00 AM - 11:59 AM,41
May 21 12:01 PM - 16:00 PM,42
May 22 8:00 AM - 11:59 AM,43
May 22 12:01 PM - 16:00 PM,44
May 23 8:00 AM - 11:59 AM,45
May 23 12:01 PM - 16:00 PM,46
May 24 8:00 AM - 11:59 AM,47
May 24 12:01 PM - 16:00 PM,48
May 25 8:00 AM - 11:59 AM,49
May 25 12:01 PM - 16:00 PM,50
May 26 8:00 AM - 11:59 AM,51
May 26 12:01 PM - 16:00 PM,52
May 27 8:00 AM - 11:59 AM,53
May 27 12:01 PM - 16:00 PM,54
May 28 8:00 AM - 11:59 AM,55
May 28 12:01 PM - 16:00 PM,56
May 29 8:00 AM - 11:59 AM,57
May 29 12:01 PM - 16:00 PM,58
May 30 8:00 AM - 11:59 AM,59
May 30 12:01 PM - 16:00 PM,60
June 1 8:00 AM - 11:59 AM,61
June 1 12:01 PM - 16:00 PM,62
June 2 8:00 AM - 11:59 AM,63
June 2 12:01 PM - 16:00 PM,64
June 3 8:00 AM - 11:59 AM,65
June 3 12:01 PM - 16:00 PM,66
June 4 8:00 AM - 11:59 AM,67
June 4 12:01 PM - 16:00 PM,68
June 5 8:00 AM - 11:59 AM,69
June 5 12:01 PM - 16:00 PM,70
June 6 8:00 AM - 11:59 AM,71
June 6 12:01 PM - 16:00 PM,72
June 7 8:00 AM - 11:59 AM,73
June 7 12:01 PM - 16:00 PM,74
June 8 8:00 AM - 11:59 AM,75
June 8 12:01 PM - 16:00 PM,76
June 9 8:00 AM - 11:59 AM,77
June 9 12:01 PM - 16:00 PM,78
June 10 8:00 AM - 11:59 AM,79
June 10 12:01 PM - 16:00 PM,80
June 11 8:00 AM - 11:59 AM,81
June 11 12:01 PM - 16:00 PM,82
June 12 8:00 AM - 11:59 AM,83
June 12 12:01 PM - 16:00 PM,84
June 13 8:00 AM - 11:59 AM,85
June 13 12:01 PM - 16:00 PM,86
June 14 8:00 AM - 11:59 AM,87
June 14 12:01 PM - 16:00 PM,88
June 15 8:00 AM - 11:59 AM,89
June 15 12:01 PM - 16:00 PM,90
June 16 8:00 AM - 11:59 AM,91
June 16 12:01 PM - 16:00 PM,92
June 17 8:00 AM - 11:59 AM,93
June 17 12:01 PM - 16:00 PM,94
June 18 8:00 AM - 11:59 AM,95
June 18 12:01 PM - 16:00 PM,96
June 19 8:00 AM - 11:59 AM,97
June 19 12:01 PM - 16:00 PM,98
June 20 8:00 AM - 11:59 AM,99
June 20 12:01 PM - 16:00 PM,100
June 21 8:00 AM - 11:59 AM,101
June 21 12:01 PM - 16:00 PM,102
June 22 8:00 AM - 11:59 AM,103
June 22 12:01 PM - 16:00 PM,104
June 23 8:00 AM - 11:59 AM,105
June 23 12:01 PM - 16:00 PM,106
June 24 8:00 AM - 11:59 AM,107
June 24 12:01 PM - 16:00 PM,108
June 25 8:00 AM - 11:59 AM,109
June 25 12:01 PM - 16:00 PM,110
June 26 8:00 AM - 11:59 AM,111
June 26 12:01 PM - 16:00 PM,112
June 27 8:00 AM - 11:59 AM,113
June 27 12:01 PM - 16:00 PM,114
June 28 8:00 AM - 11:59 AM,115
June 28 12:01 PM - 16:00 PM,116
June 29 8:00 AM - 11:59 AM,117
June 29 12:01 PM - 16:00 PM,118
June 30 8:00 AM - 11:59 AM,119
June 30 12:01 PM - 16:00 PM,120
July 1 8:00 AM - 11:59 AM,121
July 1 12:01 PM - 16:00 PM,122
July 2 8:00 AM - 11:59 AM,123
July 2 12:01 PM - 16:00 PM,124
July 3 8:00 AM - 11:59 AM,125
July 3 12:01 PM - 16:00 PM,126
July 4 8:00 AM - 11:59 AM,127
July 4 12:01 PM - 16:00 PM,128
July 5 8:00 AM - 11:59 AM,129
July 5 12:01 PM - 16:00 PM,130
July 6 8:00 AM - 11:59 AM,131
July 6 12:01 PM - 16:00 PM,132
July 7 8:00 AM - 11:59 AM,133
July 7 12:01 PM - 16:00 PM,134
July 8 8:00 AM - 11:59 AM,135
July 8 12:01 PM - 16:00 PM,136
July 9 8:00 AM - 11:59 AM,137
July 9 12:01 PM - 16:00 PM,138
July 10 8:00 AM - 11:59 AM,139
July 10 12:01 PM - 16:00 PM,140
July 11 8:00 AM - 11:59 AM,141
July 11 12:01 PM - 16:00 PM,142
July 12 8:00 AM - 11:59 AM,143
July 12 12:01 PM - 16:00 PM,144
July 13 8:00 AM - 11:59 AM,145
July 13 12:01 PM - 16:00 PM,146
July 14 8:00 AM - 11:59 AM,147
July 14 12:01 PM - 16:00 PM,148
July 15 8:00 AM - 11:59 AM,149
July 15 12:01 PM - 16:00 PM,150
July 16 8:00 AM - 11:59 AM,151
July 16 12:01 PM - 16:00 PM,152
July 17 8:00 AM - 11:59 AM,153
July 17 12:01 PM - 16:00 PM,154
July 18 8:00 AM - 11:59 AM,155
July 18 12:01 PM - 16:00 PM,156
July 19 8:00 AM - 11:59 AM,157
July 19 12:01 PM - 16:00 PM,158
July 20 8:00 AM - 11:59 AM,159
July 20 12:01 PM - 16:00 PM,160
July 21 8:00 AM - 11:59 AM,161
July 21 12:01 PM - 16:00 PM,162
July 22 8:00 AM - 11:59 AM,163
July 22 12:01 PM - 16:00 PM,164
July 23 8:00 AM - 11:59 AM,165
July 23 12:01 PM - 16:00 PM,166
July 24 8:00 AM - 11:59 AM,167
July 24 12:01 PM - 16:00 PM,168
July 25 8:00 AM - 11:59 AM,169
July 25 12:01 PM - 16:00 PM,170
July 26 8:00 AM - 11:59 AM,171
July 26 12:01 PM - 16:00 PM,172
July 27 8:00 AM - 11:59 AM,173
July 27 12:01 PM - 16:00 PM,174
July 28 8:00 AM - 11:59 AM,175
July 28 12:01 PM - 16:00 PM,176
July 29 8:00 AM - 11:59 AM,177
July 29 12:01 PM - 16:00 PM,178
July 30 8:00 AM - 11:59 AM,179
July 30 12:01 PM - 16:00 PM,180
Auguest 1 8:00 AM - 11:59 AM,181
Auguest 1 12:01 PM - 16:00 PM,182
Auguest 2 8:00 AM - 11:59 AM,183
Auguest 2 12:01 PM - 16:00 PM,184
Auguest 3 8:00 AM - 11:59 AM,185
Auguest 3 12:01 PM - 16:00 PM,186
Auguest 4 8:00 AM - 11:59 AM,187
Auguest 4 12:01 PM - 16:00 PM,188
Auguest 5 8:00 AM - 11:59 AM,189
Auguest 5 12:01 PM - 16:00 PM,190
Auguest 6 8:00 AM - 11:59 AM,191
Auguest 6 12:01 PM - 16:00 PM,192
Auguest 7 8:00 AM - 11:59 AM,193
Auguest 7 12:01 PM - 16:00 PM,194
Auguest 8 8:00 AM - 11:59 AM,195
Auguest 8 12:01 PM - 16:00 PM,196
Auguest 9 8:00 AM - 11:59 AM,197
Auguest 9 12:01 PM - 16:00 PM,198
Auguest 10 8:00 AM - 11:59 AM,199
Auguest 10 12:01 PM - 16:00 PM,200
Auguest 11 8:00 AM - 11:59 AM,201
Auguest 11 12:01 PM - 16:00 PM,202
Auguest 12 8:00 AM - 11:59 AM,203
Auguest 12 12:01 PM - 16:00 PM,204
Auguest 13 8:00 AM - 11:59 AM,205
Auguest 13 12:01 PM - 16:00 PM,206
Auguest 14 8:00 AM - 11:59 AM,207
Auguest 14 12:01 PM - 16:00 PM,208
Auguest 15 8:00 AM - 11:59 AM,209
Auguest 15 12:01 PM - 16:00 PM,210
Auguest 16 8:00 AM - 11:59 AM,211
Auguest 16 12:01 PM - 16:00 PM,212
Auguest 17 8:00 AM - 11:59 AM,213
Auguest 17 12:01 PM - 16:00 PM,214
Auguest 18 8:00 AM - 11:59 AM,215
Auguest 18 12:01 PM - 16:00 PM,216
Auguest 19 8:00 AM - 11:59 AM,217
Auguest 19 12:01 PM - 16:00 PM,218
Auguest 20 8:00 AM - 11:59 AM,219
Auguest 20 12:01 PM - 16:00 PM,220
Auguest 21 8:00 AM - 11:59 AM,221
Auguest 21 12:01 PM - 16:00 PM,222
Auguest 22 8:00 AM - 11:59 AM,223
Auguest 22 12:01 PM - 16:00 PM,224
Auguest 23 8:00 AM - 11:59 AM,225
Auguest 23 12:01 PM - 16:00 PM,226
Auguest 24 8:00 AM - 11:59 AM,227
Auguest 24 12:01 PM - 16:00 PM,228
Auguest 25 8:00 AM - 11:59 AM,229
Auguest 25 12:01 PM - 16:00 PM,230
Auguest 26 8:00 AM - 11:59 AM,231
Auguest 26 12:01 PM - 16:00 PM,232
Auguest 27 8:00 AM - 11:59 AM,233
Auguest 27 12:01 PM - 16:00 PM,234
Auguest 28 8:00 AM - 11:59 AM,235
Auguest 28 12:01 PM - 16:00 PM,236
Auguest 29 8:00 AM - 11:59 AM,237
Auguest 29 12:01 PM - 16:00 PM,238
Auguest 30 8:00 AM - 11:59 AM,239
Auguest 30 12:01 PM - 16:00 PM,240
